{
  "val_loss": [
    0.20248094201087952,
    0.1495344489812851,
    0.12584349513053894,
    0.1054263487458229,
    0.10037549585103989
  ],
  "val_acc": [
    0.9445555806159973,
    0.9623333215713501,
    0.9637777805328369,
    0.9711111187934875,
    0.9721111059188843
  ],
  "loss": [
    0.37148991227149963,
    0.19259415566921234,
    0.1445474475622177,
    0.11752874404191971,
    0.09907533973455429
  ],
  "acc": [
    0.8965294361114502,
    0.9437255263328552,
    0.9582157135009766,
    0.9664313793182373,
    0.9716470837593079
  ]
}